{"_type":"export","__export_format":4,"__export_date":"2023-09-04T18:42:26.043Z","__export_source":"insomnia.desktop.app:v2022.7.0","resources":[{"_id":"req_60d70f2f033b47b8a0e837377c4c654e","parentId":"fld_e75b8d79d8f845c7b38c811683422a6f","modified":1692968975228,"created":1692368698964,"url":"http://localhost:3000/filmes","name":"Listagem de Filmes","description":"","method":"GET","body":{"mimeType":"application/json","text":""},"parameters":[],"headers":[{"name":"Content-Type","value":"application/json"}],"authentication":{},"metaSortKey":-1692368698964,"isPrivate":false,"settingStoreCookies":true,"settingSendCookies":true,"settingDisableRenderRequestBody":false,"settingEncodeUrl":true,"settingRebuildPath":true,"settingFollowRedirects":"global","_type":"request"},{"_id":"fld_e75b8d79d8f845c7b38c811683422a6f","parentId":"wrk_fdcbbe755ce04f2192e241db17ed65c4","modified":1692368692202,"created":1692368692202,"name":"Primevideo","description":"","environment":{},"environmentPropertyOrder":null,"metaSortKey":-1692368692202,"_type":"request_group"},{"_id":"wrk_fdcbbe755ce04f2192e241db17ed65c4","parentId":null,"modified":1692368679279,"created":1692368679279,"name":"My Collection","description":"","scope":"collection","_type":"workspace"},{"_id":"req_eb998e5fefa146c3b92c098b12921bf2","parentId":"fld_e75b8d79d8f845c7b38c811683422a6f","modified":1692968373738,"created":1692369597709,"url":"http://localhost:3000/filmes","name":"Inclusão de Filmes","description":"","method":"POST","body":{"mimeType":"application/json","text":"{\n\t\"titulo\": \"Porta Vermelha\",\n\t\"genero\": \"terror/suspense\",\n\t\"duracao\": 125,\n\t\"preco\": 12.00,\n\t\"datalan\": \"2023-08-21\"\n}"},"parameters":[],"headers":[{"name":"Content-Type","value":"application/json"}],"authentication":{},"metaSortKey":-1692369597709,"isPrivate":false,"settingStoreCookies":true,"settingSendCookies":true,"settingDisableRenderRequestBody":false,"settingEncodeUrl":true,"settingRebuildPath":true,"settingFollowRedirects":"global","_type":"request"},{"_id":"req_1562415d2afe40009b590bc578f7e260","parentId":"fld_e75b8d79d8f845c7b38c811683422a6f","modified":1692968542601,"created":1692968332145,"url":"http://localhost:3000/filmes/7","name":"Alteração de Filme","description":"","method":"PUT","body":{"mimeType":"application/json","text":"{\n\t\"titulo\": \"Porta Vermelha\",\n\t\"genero\": \"terror/suspense\",\n\t\"duracao\": 160,\n\t\"preco\": 12.00,\n\t\"datalan\": \"2023-08-21\"\n}\n\n"},"parameters":[],"headers":[{"name":"Content-Type","value":"application/json"},{"name":"User-Agent","value":"Insomnia/2023.5.6"}],"authentication":{},"metaSortKey":-1692369597809,"isPrivate":false,"settingStoreCookies":true,"settingSendCookies":true,"settingDisableRenderRequestBody":false,"settingEncodeUrl":true,"settingRebuildPath":true,"settingFollowRedirects":"global","_type":"request"},{"_id":"req_af0a682ad36f4c80867da1bde9d4d14c","parentId":"fld_e75b8d79d8f845c7b38c811683422a6f","modified":1692969227764,"created":1692968920485,"url":"http://localhost:3000/filmes/3","name":"Exclusão de Filme","description":"","method":"DELETE","body":{},"parameters":[],"headers":[{"name":"User-Agent","value":"Insomnia/2023.5.6"}],"authentication":{},"metaSortKey":-1692368698864,"isPrivate":false,"settingStoreCookies":true,"settingSendCookies":true,"settingDisableRenderRequestBody":false,"settingEncodeUrl":true,"settingRebuildPath":true,"settingFollowRedirects":"global","_type":"request"},{"_id":"req_4bccb2b8a57e410898fd5ef33685d591","parentId":"fld_b35d61ad1de149efa5b11b4e053316dd","modified":1693851857623,"created":1693573189227,"url":"http://localhost:3000/carros","name":"Inclusão de Carros","description":"","method":"POST","body":{"mimeType":"application/json","text":"{\n\t\"modelo\": \"Palio\",\n\t\"marca\": \"Fiat\",\n\t\"ano\": 2021,\n\t\"preco\": 35000.00,\n\t\"placa\": \"8p2p017\"\n}"},"parameters":[],"headers":[{"name":"Content-Type","value":"application/json"},{"name":"User-Agent","value":"Insomnia/2023.5.7"}],"authentication":{},"metaSortKey":-1693573193923,"isPrivate":false,"settingStoreCookies":true,"settingSendCookies":true,"settingDisableRenderRequestBody":false,"settingEncodeUrl":true,"settingRebuildPath":true,"settingFollowRedirects":"global","_type":"request"},{"_id":"fld_b35d61ad1de149efa5b11b4e053316dd","parentId":"wrk_fdcbbe755ce04f2192e241db17ed65c4","modified":1693570893982,"created":1693570893982,"name":"Carros","description":"","environment":{},"environmentPropertyOrder":null,"metaSortKey":-1693570893982,"_type":"request_group"},{"_id":"req_cde58b9e452e4514bccd7b0db98c66e2","parentId":"fld_b35d61ad1de149efa5b11b4e053316dd","modified":1693574913177,"created":1693573193773,"url":"http://localhost:3000/carros","name":"Listagem de Carros","description":"","method":"GET","body":{"mimeType":"application/json","text":""},"parameters":[],"headers":[{"name":"Content-Type","value":"application/json"},{"name":"User-Agent","value":"Insomnia/2023.5.7"}],"authentication":{},"metaSortKey":-1693573193973,"isPrivate":false,"settingStoreCookies":true,"settingSendCookies":true,"settingDisableRenderRequestBody":false,"settingEncodeUrl":true,"settingRebuildPath":true,"settingFollowRedirects":"global","_type":"request"},{"_id":"req_c33e1e82c2364dbe945c65fc518e3732","parentId":"fld_b35d61ad1de149efa5b11b4e053316dd","modified":1693575245182,"created":1693574095725,"url":"http://localhost:3000/carros/3","name":"Alteração de Carro","description":"","method":"PUT","body":{"mimeType":"application/json","text":"{\n\t\"modelo\": \"Toro\",\n\t\"marca\": \"Fiat\",\n\t\"ano\": 2018,\n\t\"preco\": 130000.00,\n\t\"placa\": \"9J1W931\"\n}"},"parameters":[],"headers":[{"name":"Content-Type","value":"application/json"},{"name":"User-Agent","value":"Insomnia/2023.5.7"}],"authentication":{},"metaSortKey":-1693573193873,"isPrivate":false,"settingStoreCookies":true,"settingSendCookies":true,"settingDisableRenderRequestBody":false,"settingEncodeUrl":true,"settingRebuildPath":true,"settingFollowRedirects":"global","_type":"request"},{"_id":"req_302bba3de60b4791b285d64af0f6d37a","parentId":"fld_b35d61ad1de149efa5b11b4e053316dd","modified":1693575302453,"created":1693574099637,"url":"http://localhost:3000/carros/4","name":"Exclusão de Carro","description":"","method":"DELETE","body":{"mimeType":"application/json","text":""},"parameters":[],"headers":[{"name":"Content-Type","value":"application/json"},{"name":"User-Agent","value":"Insomnia/2023.5.7"}],"authentication":{},"metaSortKey":-1693573189127,"isPrivate":false,"settingStoreCookies":true,"settingSendCookies":true,"settingDisableRenderRequestBody":false,"settingEncodeUrl":true,"settingRebuildPath":true,"settingFollowRedirects":"global","_type":"request"},{"_id":"req_94dc5651f9dc42cc89b0cfd6127f01b0","parentId":"fld_b35d61ad1de149efa5b11b4e053316dd","modified":1693579084583,"created":1693579003391,"url":"http://localhost:3000/carros/ordem","name":"Ordenar por ano decrescente","description":"","method":"GET","body":{"mimeType":"application/json","text":""},"parameters":[],"headers":[{"name":"Content-Type","value":"application/json"},{"name":"User-Agent","value":"Insomnia/2023.5.7"}],"authentication":{},"metaSortKey":-1693579003391,"isPrivate":false,"settingStoreCookies":true,"settingSendCookies":true,"settingDisableRenderRequestBody":false,"settingEncodeUrl":true,"settingRebuildPath":true,"settingFollowRedirects":"global","_type":"request"},{"_id":"req_ebd3d922e0684413a216171428ce191e","parentId":"fld_b35d61ad1de149efa5b11b4e053316dd","modified":1693851948149,"created":1693851867262,"url":"http://localhost:3000/carros/pesquisa","name":"Pesquisa por palavra chave (marca)","description":"","method":"GET","body":{"mimeType":"application/json","text":""},"parameters":[],"headers":[{"name":"Content-Type","value":"application/json"}],"authentication":{},"metaSortKey":-1693851867262,"isPrivate":false,"settingStoreCookies":true,"settingSendCookies":true,"settingDisableRenderRequestBody":false,"settingEncodeUrl":true,"settingRebuildPath":true,"settingFollowRedirects":"global","_type":"request"},{"_id":"env_afd05aa27cdadbaa84230df5cc593b9ae16f1276","parentId":"wrk_fdcbbe755ce04f2192e241db17ed65c4","modified":1692368679291,"created":1692368679291,"name":"Base Environment","data":{},"dataPropertyOrder":null,"color":null,"isPrivate":false,"metaSortKey":1692368679291,"_type":"environment"},{"_id":"jar_06d0c58e403f8edcd60903aee66f9ef997ce6648","parentId":"wrk_fdcbbe755ce04f2192e241db17ed65c4","modified":1692368679296,"created":1692368679296,"name":"Default Jar","cookies":[],"_type":"cookie_jar"},{"_id":"spc_826ba594395042d88896d97d0dc4b18a","parentId":"wrk_fdcbbe755ce04f2192e241db17ed65c4","modified":1692368679281,"created":1692368679281,"fileName":"My Collection","contents":"","contentType":"yaml","_type":"api_spec"}]}